orderID,address,subject_city_province_zip,effective_date,municipality_district,site_dimensions,lot_size_sf,units_sq_ft,year_built,structure_type,roofing,effective_age,style,construction,remaining_economic_life,windows,basement,exterior_finish,basement_area,foundation_walls,flooring,plumbing_lines,heating,fuel_type,water_heater,cooling,room_count,num_beds,room_total,main_lvl_area,second_lvl_area,third_lvl_area,gla,subject_age,num_baths,condition
4762597,142-950 Oakview Ave Kingston ON K7M 6W8,"""Twin Oak Meadows""",Apr/11/2025,Kingston,Condo Common Property,n/a,SqFt,1976,Townhouse,Asphalt Shingle,25,2 Storey,Wood Frame,50,Vinyl,Full/Finished,"Brick Veneer, Vinyl Siding",522,Concrete,"Hardwood, carpet, laminate, ceramic","Copper, PEX, ABS",Forced Air,Natural Gas,40 Gallon - Gas,Central Air,6,3,6,522,522,,1044,49,1:1,Average
4762739,7180 207 HWY Halifax NS B0J2L0,"West Chezzetcook, NS B0J2L0",Apr/17/2025,Halifax Regional Municipality - West Chezzetcook,See Schedule A and or Plot Map,72745+/-SqFt,SqFt,2011,Detached,Asphalt Shingle,10,1.5 Storey,Log,50,Wood,Full/Finished,Log,1060,Poured Concrete,Carpet,"Copper, PEX, ABS",Radiant,Electric,80 +/- gl Electric,Ductless mini split,6,3,6,1060,440,,1500 SqFt,14+/-yrs,2:1,Average
4763065,11 PAUL AVE Ayr ON N0B1E0,Ayr ON N0B1E0,May/01/2025,"Township of North Dumfries, Region of Waterloo",131' x 154',20174 SqFt,SqFt,1983,Detached,Asphalt/Fiberglass Shingle,15,2 Storey,Wood,65,PVC,Full/Part Finished,Brick/Siding,1660,Concrete,Laminate,"Copper, PEX, ABS",Forced Air,Natural Gas,Natural Gas,Central Air,9,4,9,1660,1340,,3000 SqFt,42,2:1,Average
4763086,102 Stonewalk Dr Kemptville ON K0G 1J0,Kemptville ON K0G 1J0,Apr/15/2025,"North Grenville, Ontario",176.38 F x Irregular,1.25 Acres,Acres,2012 +/-,Detached,Asphalt/Fiberglass Shingle,10,Bungalow,Wood,60,Vinyl,Full/Finished,Brick Veneer/Vinyl Siding,1283,Poured concrete,Hardwood,"Copper, PEX, ABS",Forced Air,Natural Gas,Natural Gas,Central Air,5,2,5,,,,1283 SqFt,2012 +/-,3:0,Good
4763087,407 105 Dunbrack St Halifax NS B3M3G7,Halifax NS B3M3G7,Apr/17/2025,Halifax Regional Municipality - Halifax,CONDO - N/A,N/A,N/A,1978,Condominium,Tar & Gravel,15,1 Storey,Steel,55,PVC,None,Brick,,Concrete,Engineered Hardwood,"Copper, PEX, ABS",HWBB,Oil,Integrated with boiler,None,6,3,6,1530,,,1530 SqFt,47+/-yrs,2:0,Average
4764094,40 Bellroyal Crt Cole Harbour NS B2V 2B4,Cole Harbour NS B2V 2B4,Apr/16/2025,"Halifax Regional Municipality - Cole Harbour, Dartmouth",See Schedule A and or Plot Map,6825 SqFt,SqFt,1985,Detached,Asphalt Shingle,12,4 Level Split,Wood,48,Vinyl,Part/FullFin'd+Crawl,"Brick, Siding",728,Poured Concrete,Carpet,"Copper, PEX, ABS",Electric Baseboard,Electric,Electric,None,7,3,7,1074,672,,1746 SqFt,40+/-,2:1,Average
4764103,10 Crofton Rd Toronto ON M4G2B4,Toronto ON M4G2B4,Apr/16/2025,"City of Toronto, Region of Leaside (C11)",26.36' x 140.17',3694 SqFt,SqFt,1941,Semi Detached,Asphalt/Fiberglass Shingle,15,2 Storey,Concrete,45,PVC,Finished-wet bar,Brick Veneer/Vinyl Siding,722,Concrete,Hardwood,PEX/PVC,Forced Air,Natural Gas,Natural Gas,Central Air,6,2,6,722,880,,1602 SqFt,84,3:0,Average
4761696,11 Bermondsey Way Stittsville ON K2S2Y7,Stittsville ON K2S2Y7,Apr/14/2025,"Stittsville, City of Ottawa",42' x 84',3358 SqFt,SqFt,2021,Townhouse,asphalt shingle,2,2 Storey,Wood,78,PVC,Full/Unfinished,"brick, siding",575 +/-,poured concrete,"hardwood, ceramic, carpet","Copper, PEX, ABS",Forced Air,Natural Gas,Tankless/Instant,Central Air,7,3,7,,,,1751 SqFt,2021,2F 1H,Good
4762154,306 11 SPRINGVALE AVE Halifax NS B3N0A3,Halifax NS B3N0A3,Apr/15/2025,Halifax Regional Municipality - Halifax,CONDO - NOT APPLICABLE,N/A,SqFt,2006,Condominium,Tar & Gravel,10,1 Storey,Concrete,50,PVC,None,"Brick/Stone, Stucco",,Concrete,Hardwood,"Copper, PEX, ABS",Hot Water/Steam Boiler,Oil,Integrated with boiler,Ductless mini split,6,2,6,1523,,,1523 SqFt,19,2:0,Good
4762330,229 SANDPIPER CRES Chestermere AB T1X0Y4,Chestermere AB T1X0Y4,Apr/14/2025,"Chestermere, AB / Kinniburg",14.30 m x 38.40 m,549 SqM,SqM,2019,Detached,Asphalt Shingle,6,2 Storey,Wood,59,Vinyl,Full/Unfinished,Siding and Stone,1135,Concrete,Hardwood,"Copper, PEX, ABS",Forced Air,Natural Gas,Natural Gas,Central Air,10,4,10,1135,1321,,2456 SqFt,2019,2:1,Good
4762406,164 Redmonds Rd Seabright NS B3Z3C4,Seabright NS B3Z3C4,Apr/17/2025,Halifax Regional Municipality - Seabright,See Schedule A and or Plot Map,42495 SqFt,SqFt,2024,Detached,Metal,1,1.5 Storey,Wood,59,"Vinyl, Wood",Full/Part Finished,Siding,2137,Poured Concrete,Laminate,"Copper, PEX, ABS",2 ducted heat pumps and Radiant,Electric,Electric,Heat Pump,9,5,10,2371.63,960.91,,3332+/-SqFt,1,2:1,Excellent
4761220,11 Bashir St Maple ON L6A3A3,Maple ON L6A3A3,Apr/14/2025,"Region of York, City of Vaughan",24.96' x 104.92',2619 SqFt,SqFt,2000,Semi Detached,Asphalt/Fiberglass Shingle,20,2 Storey,Wood,40,PVC,Finished-illegal apartment,Brick Veneer/Vinyl Siding,809,Concrete,Hardwood,Copper,Forced Air,Natural Gas,Natural Gas,Central Air,7,3,7,809,716,,1525 SqFt,25,3:1,Average
4761433,1368 Shore Dr Bedford NS B4A2E8,Bedford NS B4A2E8,Apr/15/2025,Halifax Regional Municipality - Bedford,Unknown,26700 SqFt,SqFt,1982,Detached,Asphalt Shingle,15,1 Storey,Wood,45,Wood,Full/Finished,Wood,1000+/-,Poured Concrete,Ceramic,"Copper, PEX, ABS",Geothermal,Ground Source,Electric,Heat Pump,9,4,10,2740,155,,2895 SqFt,43+/-yrs,2:2,Average
4761446,5004 Fox Run Pl Kingston ON K7P0E4,Kingston ON K7P0E4,Apr/10/2025,Kingston,61.29' x Irregular,"5,663 SqFt",SqFt,2010,Detached,Asphalt Shingle,5,Bungalow,Wood Frame,60,Vinyl,Full/Unfinished,"Brick Veneer, Vinyl Siding","1,678",Poured Concrete,"Hardwood, ceramic, laminate, carpet, vinyl","Copper, PEX, ABS",Forced Air,Natural Gas,40 Gallon - Gas,Central Air,7,3,7,"1,678",,,"1,678 SqFt",15,2:0,Average
4759647,201 Halfway Lake Dr Hammonds Plains NS B4B1M8,Hammonds Plains NS B4B1M8,Apr/10/2025,Halifax Regional Municipality - Hammonds Plains,See Schedule A and or Plot Map,33943+/-SqFt,SqFt,1982,Detached,Asphalt Shingle,12,2 Storey,Wood,48,Combination,Full/Finished,Hardboard/Fibre cement,819,Poured Concrete,Vinyl Plank,"Copper, PEX, ABS","Baseboard, Some Infloor",Electric,Electric,None,8,4,9,950,1314,,2264 SqFt,43+/-yrs,2:1,Good
4759723,5 Golflinks Dr Ottawa ON K2J 4X9,Ottawa ON K2J 4X9,Apr/09/2025,"Stonebridge, City of Ottawa",50.00 x 119.75,5987 SqFt,SqFt,2002,Detached,Asphalt/Fiberglass Shingle,10,2 strorey,Wood,60,Vinyl,Full/Finished,"Stone, siding",1200 +/-,poured concrete,"hardwood, ceramic, carpet",PEX/PVC,Forced Air,Natural Gas,Natural Gas,Central Air,8,3,9,,,,2530 SqFt,2002,3:1,Good
4760530,3435 Vandorf Siderd Stouffville ON L4A4H5,Stouffville ON L4A4H5,Apr/14/2025,"Region of York, Town of Whitchurch-Stouffville",325.95' x IRR,10.057 Acres,Acres,1968,Detached,Metal,15,Bungalow Raised,Wood/Concrete,45,PVC,Full Finished/Walkout,Brick Veneer/Vinyl Siding,2149,Concrete,Hardwood,Copper/PVC,Geothermal,Propane,Propane,Central Air,7,4,7,2149,,,2149 SqFt,57,3:1,Average
4760630,118 Colborne St Kingston ON K7K 1C9,Kingston ON K7K 1C9,Apr/10/2025,Kingston,24.66 x 84.03,1742 SqFt,SqFt,1890,Townhouse,Metal,20,2.5 Storey,Wood,50,Vinyl,Cellar,"Brick Veneer, Vinyl Siding",500,Stone,"hardwood, laminate",ABS/Copper/Pex,Forced Air,Natural Gas,40 Gallon - Gas,Central Air,8,4,8,770,770,300,1840 SqFt,135,1:0,Average
4760651,92 Armcrest Dr Lower Sackville NS B4C3Z9,Lower Sackville NS B4C3Z9,Apr/15/2025,Halifax Regional Municipality - Lower Sackville,See Schedule A and or Plot Map,3250 SqFt,SqFt,1993,Detached,Metal,10,2 Storey,Wood,50,Vinyl,Full/Finished,Vinyl,677,Poured Concrete,Linoleum,"Copper, PEX, ABS",Electric Baseboard,Electric,Electric,Ductless mini split,6,3,6,677,677,,1354 SqFt,32,1:1,Average
4760900,1083 Cornerstone St NE Calgary AB T3N1G5,Calgary AB T3N1G5,Apr/10/2025,"Calgary, AB / Cornerstone",13.25m x33.99m,377 SqM,SqM,2016,Detached,Asphalt,9,2 Storey,Wood,54,Vinyl,Full/Finished,Vinyl,800,Concrete,Vinyl,"Copper, PEX, ABS",Forced Air,Natural Gas,Natural Gas,None,7,3,7,,,,1573.40 SqFt,2016,2F 1H,Good
4742669,"504 37 St NW, Calgary, AB T2N 3B8, Canada","Calgary, Alberta, T2N 3B8",Mar/24/2025,"Calgary AB, Parkdale",See Plot Map,431 SqM,SqM,1952,Detached,Asphalt/Fiberglass Shingle,25,Bungalow,Wood,40,PVC,Full/Finished,Stucco,71,Concrete,Hardwood,"Copper, PEX, ABS",Forced Air,Natural Gas,Conventional,None,4,2,4,78,,,78 SqM,1952,2F,Average
4752865,8915 20 Ave SW Edmonton AB T6X2C5,Edmonton AB T6X2C5,Apr/07/2025,"Edmonton, AB - Summerside",605,605 SqM,SqM,2018,Detached,Asphalt/Fiberglass Shingle,5,2 Storey,Wood,60,PVC,Full/Unfinished,Vinyl/Stone,1285,Concrete,"Engineered hardwood, tile, carpet",PVC/Copper,Forced Air,Natural Gas,Natural Gas,Central Air,8,4,8,1297,1677,,2974 SqFt,7,2 Full/1Half,Good
4755196,531 Des Genévriers Rue Orléans ON K4A0Z2,Orléans ON K4A0Z2,Apr/14/2025,"Avalon West, City of Ottawa",36.09 F x 99.74 F,3601 SqFt,SqFt,2016,Detached,Asphalt shingle,7,2 Storey,Wood,63,Vinyl,Full/Finished,"Brick, siding",978 +/-,Poured concrete,"Hardwood, carpet, tile","Copper, PEX, ABS",Forced Air,Natural Gas,Natural Gas,Central Air,8,4,8,,,,2956 SqFt,2016,3:1,Good
4756192,2306-530 3 St SE Calgary AB T2G 2L8,Calgary AB T2G 2L8,Apr/07/2025,"Calgary, AB / East Village",Common Property,N/A,N/A,2024,High Rise Apartment,Asphalt/Fiberglass Shingle,1,1 Storey,Concrete,64,Aluminum Clad Vinyl,No Basement,Concrete,n/a,Concrete,Ceramic,"Copper, PEX, ABS",Forced Air,Natural Gas,Common Property,Central Air,5,2,5,,,,1109 SqFt,2024,2F,Good
4756320,405 Allard Blvd SW Edmonton AB T6W3T3,Edmonton AB T6W3T3,Apr/04/2025,"Edmonton, AB - Allard",330,330 SqM,SqM,2017,Detached,Asphalt/Fiberglass Shingle,5,2 Storey,Wood,60,PVC,Full/Unfinished,Vinyl/Stone,802,Concrete,"Carpet, vinyl tile",PVC/Copper,Forced Air,Natural Gas,Natural Gas,None,5,3,5,802,778,,1580 SqFt,8,2 Full/1Half,Good
4756829,340 Axis Way Ottawa ON K1W 0J9,Ottawa ON K1W 0J9,Apr/08/2025,"Chapel Hill, City of Ottawa",20.34 x 91.86,1868 SqFt,SqFt,2016,Townhouse,Asphalt/Fiberglass Shingle,5,2 Storey,Wood,65,Vinyl,Full/Finished,Brick/Siding,650 +/-,poured concrete,"hardwood, carpet, laminate, ceramic","Copper, PEX, ABS",Forced Air,Natural Gas,Natural Gas,Central Air,6,3,6,,,,1587 SqFt,2016,3:1,Good
4757939,824 9A ST NE Calgary AB T2E4L6,Calgary AB T2E4L6,Apr/07/2025,"Calgary AB, Renfrew",See Plot Map,626 SqM,SqM,1951,Detached,Asphalt,30,Bungalow,Wood,35,Wood,Full/Finished,Wood,83,Concrete,"hardwood, vinyl, tile, linoleum","Copper, PEX, ABS",Forced Air,Natural Gas,Conventional,None,5,2,5,90,,,90 SqM,1951,2F,Average
4757966,218 88 ARBOUR LAKE RD NW Calgary AB T3G0C2,Calgary AB T3G0C2,Apr/07/2025,"Calgary, AB / Arbour Lake",Common Property,N/A,N/A,2008,Low Rise Apartment,Asphalt,15,1 Storey,Wood,55,Vinyl,None,Stucco,n/a,Concrete,Carpet,"Copper, PEX, ABS",In-Floor,Natural Gas,Natural Gas,None,5,2,5,1039,,,1039 SqFt,2008,2F,Good
4758025,2 Rockcliff Hts NW Calgary AB T3G0C7,Calgary AB T3G0C7,Apr/16/2025,"Calgary AB, Rocky Ridge",19.55 x 39.58,761 SqM,SqM,2013,Detached,Asphalt/Fiberglass Shingle,10,2 Storey,Wood,55,PVC,Full/Finished,Stucco/Stone,102,Concrete,Hardwood,"Copper, PEX, ABS",Forced Air,Natural Gas,Tankless/Instant,None,9,4,9,111,150,,261 SqM,2013,3F 1H,Good
4758316,"119 110 Auburn Meadows View SE Calgary, Alberta T3M 2M2","Calgary, AB, T3M 2M2",Apr/07/2025,"Calgary, AB / Auburn Bay",Condo Common Property,SqFt,SqFt,2017,Condominium,Asphalt/Fiberglass Shingle,8,one level,Wood,60,Vinyl,None,"Siding, Stone",,poured concrete,vinyl plank,"Copper, PEX, ABS",Electric Baseboard,Baseboard,Tankless/Instant,None,5,2,5,,,,789 SqFt,2017,2:0,Good
4758324,3 Bayview Lane Queensland NS B0J1T0,Queensland NS B0J1T0,Apr/09/2025,Queensland,See Schedule A and or Plot Map,12600 SqFt,SqFt,2008,Detached,Asphalt Shingle,8,1 Storey,Wood,52,Vinyl,Full/Part Finished,Siding,1094,Poured Concrete,Ceramic,"Copper, PEX, ABS",Electric Baseboard,Electric,Electric,Ductless mini split,6,3,6,1094,,,1094 SqFt,17,2:0,Average
4758529,915 140 SIMCOE ST Toronto ON M5H4E9,Toronto ON M5H4E9,Apr/08/2025,"City of Toronto, Region of Waterfront Communities (C01)",Condominium property-as per deed,N/A-CONDO LAND,SqFt,2004,High Rise Apartment,flat-tar/gravel,15,1 Storey,concrete/steel,35,thermopane,None,"concrete block, brick",None,concrete,Ceramic,"Copper, PEX, ABS",Forced Air,Natural Gas,Natural Gas,Central Air,6,2,6,1176,,,1176 SqFt,21,2:0,Average
4758615,"82 Morenz Terrace Ottawa, Ontario K2K 3H2","Ottawa, ON, K2K 3H2",Apr/08/2025,City of Ottawa,34' x 102',3253 SqFt,SqFt,2003,Townhouse,Asphalt/Fiberglass Shingle,10,Bungalow,Wood,65,PVC,Full/Finished,Brick Veneer/Vinyl Siding,1050±,Concrete,Hardwood,ABS,Forced Air,Natural Gas,Natural Gas,Central Air,5,1,5,,,,1334 SqFt,2003,3F,Average
4758672,23 Macfarlane St Lake Echo NS B3E1M5,Lake Echo NS B3E1M5,Apr/09/2025,Halifax Regional Municipality - Lake Echo,See Plot Map,33661 SqFt,SqFt,2004,Detached,Asphalt Shingle,12,2 Storey,Wood,48,Vinyl,Full/Finished,Siding,1005,Poured Concrete,Ceramic,"Copper, PEX, ABS",Ducted heat pump & FHA Oil back up,Electric and Oil,Electric,Heat Pump,9,3,9,1005,1005,,2010 SqFt,21,2:1,Average
4759024,5 Lewiston Rd NE Calgary AB T3P 2J3,Calgary AB T3P 2J3,Apr/07/2025,"Calgary AB, Livingston",See Plot Map,458 SqM,SqM,New,Detached,Asphalt,0,2 Storey,Wood,65,Vinyl,Full/Unfinished,Vinyl,0,Concrete,"vinyl, tile, carpet","Copper, PEX, ABS",Forced Air,Natural Gas,Conventional,None,9,5,9,108,138,,246 SqM,New,4F,Excellent
4759088,70 Cliffview Lane Head of Jeddore NS B0J1P0,Head of Jeddore NS B0J1P0,Apr/11/2025,Halifax Regional Municipality - Head of Jeddore,See Schedule A and or Plot Map,37374 SqFt,SqFt,2004,Detached,Asphalt/Fiberglass Shingle,10,Bungalow Raised,Wood,50,PVC,Full/Finished,Vinyl,1232,Concrete,Laminate,PEX/PVC,Electric Baseboard,Electric,Electric,Ductless mini split,6,3,6,1400,,,1400 SqFt,21,2:0,Good
4759260,60 MILL LAKE RD Number 2 Simms Settlement NS B0J1T0,Simms Settlement NS B0J1T0,Apr/09/2025,LUNENBURG COUNTY - SIMMS SETTLEMENT,See Schedule A and or Plot Map,15936 SqFt,SqFt,1972,Detached,Asphalt Shingle,14,1 Storey,Wood,46,Vinyl,Full/Unfinished,Siding,864,Poured Concrete,Linoleum,"Copper, PEX, ABS",HOT WATER BASEBOARD,Oil,Electric,Ductless mini split,5,3,5,864,,,864 SqFt,53,1:0,Average
4759498,40 Tierney Dr Nepean ON K2J 4T3,Nepean ON K2J 4T3,Apr/08/2025,"Longfields, City of Ottawa",36.09 Ft x 86.94 Ft,3137 SqFt,SqFt,2000,Detached,Asphalt/Fiberglass Shingle,15,2 Storey,Wood,55,Vinyl,Full/Finished,"Brick, siding",800 +/-,Poured concrete,"hardwood, ceramic, carpet",OtherInput,Forced Air,Natural Gas,Natural Gas,Central Air,7,3,7,,,,1774 SqFt,2000 +/-,3:1,Average
4759512,23 WALTON DR Halifax NS B3N1X6,Halifax NS B3N1X6,Apr/09/2025,Halifax Regional Municipality - Halifax,See Schedule A and or Plot Map,6300 SqFt,SqFt,1951,Detached,Asphalt Shingle,10,1.5 Storey,Wood,50,"Vinyl, Wood",Full/Unfinished,Siding,845+/-,Poured Concrete,Hardwood,"Copper, PEX, ABS",Hot Water Radiators,Oil,Integrated with boiler,None,7,3,7,1217,578,,1795 SqFt,74,1:1,Average
4759561,47 Pleasant St Dartmouth NS B2Y3P4,Dartmouth NS B2Y3P4,Apr/08/2025,Dartmouth,See Schedule A and or Plot Map,14375 SqFt,SqFt,1845,Duplex,Asphalt Shingle,15,2 Storey,Wood,45,Vinyl,Full/Unfinished,Siding,N/A,Stone,Ceramic,"Copper, PEX, ABS",Radiators and baserboard,Natural Gas,Integrated with boiler,None,15,5,15,1968,1169,,3137 SqFt,180,3:2,Good
4759562,10 Heritage Hills Dr Eastern Passage NS B3G1N5,Eastern Passage NS B3G1N5,Apr/08/2025,Eastern Passage,See Schedule A and or Plot Map,3500 SqFt,SqFt,1995,Semi Detached,Asphalt/Fiberglass Shingle,14,2 Storey,Wood,46,PVC,None,Brick Veneer/Vinyl Siding,,Concrete,Laminate,"Copper, PEX, ABS",Electric Baseboard,Electric,Electric,None,6,3,6,566,566,,1132 SqFt,30,1:1,Average
4759604,283 OSBORNE ST Halifax NS B3N3H1,Halifax NS B3N3H1,Apr/10/2025,Halifax Regional Municipality - Halifax,See Plot Map,14232 SqFt,SqFt,2003,Detached,Asphalt Shingle,14,2 Storey,Wood,46,"Wood, Vinyl",Full/Finished,Siding,894,Poured Concrete,Hardwood,"Copper, PEX, ABS",Hot Water/Steam Boiler,Oil,Electric,Ductless mini split,8,3,8,894,894,,1788 SqFt,22,1:1,Average
4759846,54 Kingston Cres Dartmouth NS B3A2M2,Dartmouth NS B3A2M2,Apr/14/2025,Dartmouth,See Schedule A and or Plot Map,6000 SqFt,SqFt,1976,Detached,Asphalt Shingle,10,4 Level Split,Wood,50,Vinyl,Full/Finished,"Brick, Siding",1021,Poured Concrete,Ceramic,"Copper, PEX, ABS",Hot Water Baseboard,Natural Gas,Integrated with boiler,Ductless mini split,7,3,7,1021,616,,1637 SqFt,49+/-yrs,1:1,Average
4764028,2 Forsey St Ottawa ON K1N7X7,Ottawa ON K1N7X7,Apr/16/2025,"Lower Town, City of Ottawa",13.18 F x Irregular,911 SqFt,SqFt,1990 +/-,Townhouse,Tar & Gravel,20,3 Plus Stories,Wood,60,Vinyl,Full/Part Finished,Stucco,600 +/-,Poured concrete,Hardwood,"Copper, PEX, ABS",Forced Air,Natural Gas,Electric,Central Air,8,3,9,,,,1822 SqFt,1990 +/-,2:1,Average
4766326,1004 Connery Ave Ottawa ON K1G2P1,Ottawa ON K1G2P1,Apr/23/2025,"Elmvale Acres, City of Ottawa",41.39 F x Irregular,8398 SqFt,SqFt,1961,Detached,asphalt shingle,30,Bungalow,Wood,40,Vinyl,Full/Finished,"stone, siding",1109,Concrete Block,"carpet, laminate, vinyl","Copper, PEX, ABS",Forced Air,Natural Gas,Electric,None,6,3,6,1109,,,1109 SqFt,1961,1:0,Average
4766430,96 Forestside Cres Halifax NS B3M1M4,Halifax NS B3M1M4,Apr/23/2025,Halifax Regional Municipality - Clayton Park,Condo n/a,n/a,SqFt,1970,Condominium,"Tar & Gravel, Membrane",15,2 Storey,Wood,55,Vinyl,Full/Part Finished,"Brick, Siding",693,Poured Concrete,Ceramic,"Copper, PEX, ABS",Heat Pump - Fully Ducted,Electric,Electric,Heat Pump,6,3,6,693,693,,1386 SqFt,1970,1:1,Average
4767066,1606-730 2 Ave SW Calgary AB T2P 1R8,Calgary AB T2P 1R8,Apr/21/2025,"Calgary, AB / Eau Claire",Common Property,N/A,N/A,2024,High Rise Apartment,Tar/Gravel,New,1 Storey,Concrete,65,Vinyl,No basement,Concrete / Metal,N/A,Concrete,Vinyl,"Copper, PEX, ABS",Forced Air,Natural Gas,Natural Gas,Central Air,4,1,4,522,,,522 SqFt,2024,1F,Good
4768014,45 Clonfadda Terr Nepean ON K2J 6E9,Nepean ON K2J 6E9,Apr/21/2025,"Half Moon Bay, City of Ottawa",41.31' x Irr,3253 SqFt,SqFt,2017,Detached,Asphalt/Fiberglass Shingle,5,2 Storey,Wood Frame,65,Vinyl,Full/Finished,"Brick veneer, vinyl siding",700 +/-,Poured Concrete,"hardwood, ceramic, carpet, vinyl plank","Copper, PEX, ABS",Forced Air,Natural Gas,Tankless/Instant,Central Air,6,3,6,,,,1607 SqFt,2017,3:1,Average
4768037,31 YOUNG ST Welland ON L3B4C5,Welland ON L3B4C5,Apr/21/2025,"City of Welland, Regional Municipality of Niagara",47.5' x 135.83',6452 SqFt,SqFt,1910,Duplex,Asphalt shingles,30,2 Storey,Wood frame,40,Vinyl / Aluminum,Part/Unfinished,"Stucco, Wood siding",1261,Stone,"Laminate, Ceramic tile, Hardwood","Copper, PEX, ABS",Forced Air,Natural Gas,Natural Gas,Central Air,12,7,12,1494,1261,,2755 SqFt,1910,2:0,Average
4763606,60 Keystone Trail Welland ON L3B0N8,Welland ON L3B0N8,Apr/17/2025,"City of Welland, Regional Municipality of Niagara",n/a condo,SqFt,SqFt,2025,Townhouse,Asphalt shingles,0,2 Storey,Wood frame,70,Vinyl,Full/Unfinished,"Stucco, Brick, Stone",694,Poured concrete,Vinyl plank,"Copper, PEX, ABS",Forced Air,Natural Gas,Tankless/Instant,Central Air,8,4,8,694,940,,1634 SqFt,New,2:1,Good
4763898,70 Joffre St Dartmouth NS B2Y3C9,Dartmouth NS B2Y3C9,Apr/23/2025,Halifax Regional Municipality - Dartmouth,See Schedule A and or Plot Map,7541 SqFt,SqFt,1940,Detached,Asphalt Shingle,15,1.5 Storey,Wood,45,"Vinyl, Wood, Aluminum Clad Wood",Full/Unfinished,Vinyl/Aluminum,735,Concrete,Hardwood,"Copper, PEX, ABS",Forced Air,Oil,Oil Fired Hot Water Heater,Ductless mini split,6,2,6,845,325,,1170 SqFt,85,1:1,Average
4765154,844 Cataraqui Woods Dr Kingston ON K7P2P7,Kingston ON K7P2P7,Apr/22/2025,Kingston,101.7' x 68.9',"7,007 SqFt",SqFt,1989,Detached,Asphalt Shingle,15,Split Level,Wood,60,Vinyl,Part / Finished,"Brick veneer, vinyl siding",536,Concrete,"Hardwood, ceramic, laminate","Copper, PEX, ABS",Forced Air,Natural Gas,Natural Gas,Central Air,7,3+1,7,1188,652,,"1,840 SqFt",36,2:1,Average
4765502,6997 Creek Line Pain Court ON N0P1Z0,Pain Court ON N0P1Z0,Apr/22/2025,Chatham-Kent (Dover Township),75 x irregular,10570 SqFt,SqFt,1885,Detached,Asphalt/Fiberglass Shingle,30,1.5 Storey,Wood,70,PVC,Driveway,Vinyl/Aluminum,N/A,Concrete,Laminate,PVC and Pex (Not kitec),Forced Air,Natural Gas,Natural Gas,Central Air,7,4,8,1102,743,,1845 SqFt,140,1:1,Average
4765899,1753 Reginald Bart Dr Kingston ON K7K0E9,Kingston ON K7K0E9,Apr/16/2025,Pittsburgh Township,35.10' x 104.99',"3,685 SqFt",SqFt,2013,Detached,Asphalt Shingle,10,2 Storey,Wood Frame,60,Vinyl,Full/Finished,"Vinyl siding, Stone Veneer",887,Poured Concrete,"Hardwood, ceramic, carpet, laminate","Copper, PEX, ABS",Forced Air,Natural Gas,Tankless/Instant,Central Air,6,3,6,858,630,,1488 SqFt,12,3:1,Average
4765948,190 RIDEAU ST Kingston ON K7K3A3,Kingston ON K7K3A3,Apr/24/2025,Kingston,52' x 132',"6,864 SqFt",SqFt,1900,Triplex,Asphalt Shingle,30,2 Storey,Wood Frame,60,Vinyl,Cellar,Brick Veneer,960,Stone,"Hardwood, ceramic, laminate, carpet","Copper, PEX, ABS",Radiant,Natural Gas,Natural Gas,None,12,3,12,1171,960,,2131 SqFt,125,3:1,Average
4768126,194 Calvington Ave Ottawa ON K2T0H9,Ottawa ON K2T0H9,Apr/23/2025,"Kanata Lakes, City of Ottawa",29.46 F x 98.42 F,2899 SqFt,SqFt,2016 +/-,Townhouse,Asphalt/Fiberglass Shingle,5,2 Storey,Wood,65,Vinyl,Full/Finished,Brick Veneer/Vinyl Siding,650 +/-,Poured concrete,Hardwood,"Copper, PEX, ABS",Forced Air,Natural Gas,Natural Gas,Central Air,6,3,6,,,,1504 SqFt,2016 +/-,2:1,Good
4768528,710 Montrichard Rd Orléans ON K4A5R3,Ottawa ON K4A5R3,Apr/24/2025,"Notting Gate, City of Ottawa",33.27x Irr,2780 SqFt,SqFt,2025,Townhouse,Asphalt Shingle,new,2 Storey,Wood,70,Vinyl,Full/Finished,"Brick, Siding",700,Poured Concrete,Ceramic,"Copper, PEX, ABS",Forced Air,Natural Gas,Natural Gas,Central Air,7,4,7,,,,1643 SqFt,2025,2:1,Good
4769110,5551 Sentinal Sq Halifax NS B3K4A8,Halifax NS B3K4A8,Apr/29/2025,Halifax,Condominium Property,n/a,SqFt,1974,Condominium,"Membrane, Asphalt Shingle",15,2 Storey,Concrete Foundation & Floors,55,Vinyl,Full/Part Finished,Brick,382,Concrete,Laminate,"Copper, PEX, ABS",Electric Baseboard,Electric,Electric,None,6,3,6,580,656,,1236 SqFt,51,2,Average
4769269,84339 Kent Line Brussels ON N0G1H0,Brussels ON N0G1H0,Apr/23/2025,"Township of Huron East, Region of Huron Perth",101.39' x 527',1.22  Acres,Acres,2022,Detached,Asphalt/Fiberglass Shingle,3,Bungalow,Wood,77,PVC,Full/Finished,Vinyl,1700,Concrete,Carpet,"Copper, PEX, ABS",Forced Air,Propane,Electric,Central Air,6,2,6,1700,,,1700 SqFt,2022,2:0,Average
4770115,224 Blackhorse Dr Kemptville ON K0G 1J0,Kemptville ON K0G 1J0,Apr/30/2025,"Kemptville, ON",72.7 x Irregular,7059 SqFt,SqFt,2021 +/-,Detached,Asphalt/Fiberglass Shingle,4,Bungalow,Wood,66,OtherInput,Full/Finished,"stone, stucco, siding",1992,Poured Concrete,"hardwood, ceramic",OtherInput,Forced Air,forced air gas,Natural Gas,Central Air,7,3,8,1992,,,1992 SqFt,2021 +/-,3:0,Good
4770310,174 South St Gananoque ON K7G1A2,Gananoque ON K7G1A2,Apr/30/2025,Gananoque,54' x 120',6480 SqFt,SqFt,1900,Detached,Asphalt Shingle,20,2 Storey,Wood Frame,60,Vinyl,Cellar,Vinyl Siding,952,Stone,"Hardwood, ceramic","Copper, PEX, ABS",Forced Air,Natural Gas,Natural Gas,Central Air,8,3,8,1290,952,,2242 SqFt,125,2:1,Average
4771097,401 540 Talbot Pl Gananoque ON K7G3C6,Gananoque ON K7G3C6,Apr/25/2025,Gananoque,N/A Condominium,N/A Condominium,SqFt,1990,Condominium,Asphalt Shingle,15,1 Storey,Wood,60,Vinyl,Condo Common,Brick,0,Poured Concrete,Laminate,"Copper, PEX, ABS",Electric Baseboard,Electric,Electric,None,5,2,5,758,,,758 SqFt,35,1:0,Average
4771029,120 CASTLEGROVE RD NE Calgary AB T3J1T5,Calgary AB T3J1T5,Apr/28/2025,"Calgary, AB / Castleridge",13.72m x 29.87m,416 SqM,SqM,2015,Detached,Asphalt Shingle,10,2 Storey,Wood,55,Vinyl,Full/Finished,Stucco,1000,Poured Concrete,Carpet,"Copper, PEX, ABS",Forced Air,Natural Gas,Natural Gas,None,9,5,9,,,,2231.68 SqFt,2015,3F,Good
4771641,53 Lucas Place NW Calgary AB T3P2E2,Calgary AB T3P2E2,Apr/28/2025,"Calgary, AB / Livingston",7.72m x 33.0m,255 SqM,SqM,2024,Detached,Asphalt Shingle,1,3 Storey,Wood,64,Vinyl,Full/Unfinished,"Siding, Stone",850,Poured Concrete,Vinyl,"Copper, PEX, ABS",Forced Air,Natural Gas,Tankless/Instant,None,8,4,8,,,,2115 SqFt,2024,3F 1H,Good
4772017,323 TARACOVE ESTATE DR NE Calgary AB T3J5A1,Calgary AB T3J5A1,Apr/30/2025,"Calgary, AB / Taradale",10.36m x 31.99m,332 SqM,SqM,2004,Detached,Asphalt,15,Bi-Level,Wood,50,PVC,Full/Finished,Vinyl,1000,Concrete,Vinyl,"Copper, PEX, ABS",Forced Air,Natural Gas,Natural Gas,None,6,3,6,1149,,,1149 SqFt,2004,2F,Good
4772152,9449 Hidden Valley Dr NW Calgary AB T3A5T1,Calgary AB T3A5T1,Apr/25/2025,"Calgary, AB / Hidden Valley",11.71 m x 32.56 m,381 SqM,SqM,1998,Detached,Asphalt Shingle,15,2 Storey,Wood,50,Vinyl,"Full, Walkout",Siding,543,Poured Concrete,"carpet, linoleum, hardwood, laminate, ceramic,","Copper, PEX, ABS",Forced Air,Natural Gas,50 US Gallons,Central Air,8,3,8,579,793,,1372 SqFt,1998,1:1,Good
4775892,84 Carleton Pl Brampton ON L6T3Z4,Brampton ON L6T3Z4,Apr/30/2025,"Region of Peel, City of Brampton",Condominium property-as per deed,n/a-condo land,SqFt,1975,Townhouse,Asphalt/Fiberglass Shingle,20,2 Storey,Wood,40,PVC,Full/Finished,Brick Veneer/Vinyl Siding,567,Concrete,Hardwood,Copper,Forced Air,Natural Gas,Natural Gas,Central Air,6,3,6,567,611,,1178 SqFt,50,1:1,Average
4776066,299 Everoak Dr SW Calgary AB T2Y0A5,Calgary AB T2Y0A5,Apr/30/2025,"Calgary, AB / Evergreen",9.7 m x 35.5 m,344 SqM,SqM,2007,Detached,Asphalt Shingle,10,2 Storey,Wood,55,Vinyl,Full/Finished,"Stone, Stucco",1269,Poured Concrete,"carpet, ceramic, hardwood,","Copper, PEX, ABS",Forced Air,Natural Gas,Natural Gas,Central Air,9,3,9,1269,934,,2203 SqFt,2007,2:1,Excellent
4773295,52 Pyle Rd Lowbanks ON N0A1K0,Lowbanks ON N0A1K0,May/02/2025,"Community of Lowbanks, Regional Municipality of Haldimand",176.54 F x Irregular,0.5ac,SqFt,1950,Detached,Asphalt shingles,25,1 Storey,Wood frame,45,Vinyl,"Part basement, Crawlspace",Vinyl siding,750,Concrete,"Laminate, Linoleum",Copper/Abs,Forced Air,Natural Gas,Natural Gas,Central Air,6,2,6,1675,,,1675 SqFt,1950,1:1,Average
4775247,12 Mcdougall St NW Langdon AB T0J1X2,Langdon AB T0J1X2,Apr/30/2025,"Langdon, AB",18.70m x 50.0m,931 SqM,SqM,2003,Detached,Asphalt Shingle,15,2 Storey,Wood,50,Vinyl,Full/Finished,"Stone, Siding",800,Poured Concrete,Vinyl,"Copper, PEX, ABS",Forced Air,Natural Gas,Natural Gas,Central Air,7,3,7,,,,1952 SqFt,2003,2F 1H,Good
4773534,44041 Hendershot Rd Lowbanks ON N0A1K0,Lowbanks ON N0A1K0,May/02/2025,"Community of Lowbanks, Regional Municipality of Haldimand County",5 Acres,5 Acres,Acres,1988,Detached,Rubber shingle,25,Split Level,Wood frame,45,Vinyl,Part/Full Finished,"Brick, Vinyl siding",1695,Poured concrete,"Vinyl plank, Hardwood, Ceramic tile, Carpet","Copper, PEX, ABS","Forced air, Radiant in-floor heating",Natural Gas,Natural Gas,Central Air,8,4,8,479,2294,,2773 SqFt,1988,2:1,Average
4773833,4315 CONCESSION RD 4 N/A S Amherstburg ON N9V2Y8,Amherstburg ON N9V2Y8,Apr/30/2025,10 - 15 (Amherstburg - Malden Centre),138 x 167,23046 SqFt,SqFt,1885,Detached,Asphalt/Fiberglass Shingle,40,2 Storey,Wood,60,PVC,Full/Unfinished,Stone,1152,Concrete,Ceramic,Copper,Forced Air,Natural Gas,Hot Water Tank,Central Air,9,4,10,1152,1152,,2304 SqFt,140,2:0,Fair
4776648,576 Chesham Pl Kingston ON K7M5T5,Kingston ON K7M5T5,May/01/2025,Kingston,60.51' x 142.74' - Irregular,"10,014 SqFt",SqFt,1972,Detached,Asphalt Shingle,15,1 Storey,Wood Frame,60,Vinyl,Full/Finished,"Brick Veneer, Vinyl Siding",1050,Poured Concrete,"Hardwood, laminate, ceramic, carpet","Copper, PEX, ABS",Forced Air,Natural Gas,Natural Gas,Central Air,5,2+2,5,1050,,,1050 SqFt,53,2:0,Average
4777578,260 Boulder Creek Cres Langdon AB T0J 1X3,Langdon AB T0J 1X3,May/01/2025,"Langdon, AB / Boulder Creek",21.90 m x 40.08 m,878 SqM,SqM,2015,Detached,Asphalt/Fiberglass Shingle,5,2 Storey,Concrete,60,Vinyl,Full Finished/Walkout,Vinyl siding and stone,620,Concrete,Hardwood,Mixed,Forced Air,Natural Gas,Natural Gas,Central Air,9,3,9,953,1108,,2061 SqFt,10,3:1,Good
4776534,29 Timberline Crt SW Calgary AB T3H6C8,Calgary AB T3H6C8,May/02/2025,"Calgary, AB / Springbank Hill",10.36m x 30.08m,699 SqM,SqM,2022,Detached,Asphalt,New,2 Storey,Wood,65,Vinyl,Full Finished/Walkout,Brick / Composite,1500,Concrete,Hardwood,"Copper, PEX, ABS",Forced Air,Natural Gas,Natural Gas,Central Air,8,3,8,,,,3543.10 SqFt,2022,3F 1H,Good
4776574,58 Copperleaf Terr SE Calgary AB T2Z0H9,Calgary AB T2Z0H9,May/02/2025,City of Calgary/Copperfield,15.03 m x 35.00 m,4768 SqFt,SqFt,2008,Detached,Asphalt Shingle,10,2 Storey,Wood,55,Vinyl,Full/Finished,Vinyl Siding,950+/-,Concrete,"Carpet, tile and hardwood","Copper, PEX, ABS",Forced Air,Natural Gas,Natural Gas,None,7,3,7,1060,1292,,2352 SqFt,17,3:1,Good
4777828,32 Hilborn St Grand Valley ON L9W6V1,Grand Valley ON L9W6V1,May/01/2025,,45.28 X 108.60,4919 sqft,,,,,,2 Storey,,,,Full/Unfinished,,,,,,,,,,,,,,,,2385 SqFt,4,,Good
4778535,1633 27 AVE SW Calgary AB T2T1G7,Calgary AB T2T1G7,May/06/2025,"Calgary, AB  South Calgary",15.23m x 38.07m,580 SqM,SqM,1971,Fourplex,Asphalt/Fiberglass Shingle,30,Bi-Level,Wood,35,Vinyl,Full/Finished,Brick / Stucco,186,Concrete,Vinyl plank,Mixed,Forced Air for each unit,Natural Gas,Water heater for each unit,None,12,8,12,,,,186 SqM,1981,4F,Average
4778557,3666 Douglas Woods Hts SE Calgary AB T2Z2G4,Calgary AB T2Z2G4,May/06/2025,City of Calgary/Douglasdale/Glen,44.0Ft x 131.0Ft,5791 SqFt,SqFt,1992,Detached,Asphalt Shingle,10,Bungalow,Wood,55,Vinyl,Full/Finished,Vinyl Siding,857,Concrete,"Hardwood, tile, carpet, linoleum",Mixed,Forced Air,Natural Gas,Natural Gas,Central Air,5,2,5,1290,,,1290 SqFt,33,3:0,Good
4779669,81 Eastforest Trail Kitchener ON N2N3M3,Kitchener ON N2N3M3,May/06/2025,"City of Kitchener, Region of Waterloo",31.53' x 115',3625 SqFt,SqFt,1999,Detached,Asphalt/Fiberglass Shingle,8,2 Storey,Wood,72,PVC,Full/Finished,Brick Veneer/Vinyl Siding,621,Concrete,Laminate,"Copper, PEX, ABS",Forced Air,Natural Gas,Natural Gas,Central Air,6,3,6,621,830,,1451 SqFt,26,1:1,Average
4778791,603 223 PRINCESS ST Kingston ON K7L0G8,Kingston ON K7L0G8,May/05/2025,City of Greater Kingston,Condo Common Property,n/a,SqFt,New,Condominium,Tar and Gravel,1,1 Storey,Concrete,70+,Vinyl,n/a,Stone/Brick Veneer,0,Concrete,"Laminate, ceramic","Copper, PEX, ABS",Forced Air,Natural Gas,Natural Gas,Central Air,5,2,5,678,,,678 SqFt,New,2:0,Good
4778794,501 223 PRINCESS ST Kingston ON K7L0G8,Kingston ON K7L0G8,May/05/2025,City of Kingston,Condo Common Property,na,SqFt,New,Condominium,Tar and Gravel,1,1 Storey,Concrete,70,Vinyl,n/a,Stone/Brick Veneer,0,Concrete,"Laminate, ceramic","Copper, PEX, ABS",Forced Air,Natural Gas,Natural Gas,Central Air,5,2,5,665,,,665 sf,New,2:0,Good
4778797,718 223 PRINCESS ST Kingston ON K7L0G8,Kingston ON K7L0G8,May/05/2025,City of Greater Kingston,Condo Common Property,n/a,SqFt,New,Condominium,Tar and Gravel,1,1 Storey,Concrete,70+,Vinyl,n/a,Stone/Brick Veneer,0,Concrete,"Laminate, ceramic","Copper, PEX, ABS",Forced Air,Natural Gas,Natural Gas,Central Air,5,1,5,584,,,584 sf,New,1:0,Good
4778326,184 Sandpiper Cir NW Calgary AB T3K3P4,Calgary AB T3K3P4,May/05/2025,"Calgary, AB / Sandstone Valley",10.05m x 45.23m,759 SqM,SqM,1988,Detached,Asphalt/Fiberglass Shingle,15,4 Level Split,Wood,50,PVC,Full/Finished,Stucco,1000,Concrete,Vinyl,"Copper, PEX, ABS",Forced Air,Natural Gas,Natural Gas,None,7,3,7,1045.37,701.43,,1746.79 SqFt,1988,2F 1H,Good
4758996,160 Marquis Pl SE Airdrie AB T4A1Y7,Airdrie AB T4A1Y7,Apr/09/2025,"Airdrie, AB / Meadowbrook",14.32m x 37.80m,541 SqM,SqM,1979,Detached,Asphalt,25,4 Level Split,Wood,35,Vinyl,Part Finished/Walkout,Vinyl,1000,Concrete,Linoleum,"Copper, PEX, ABS",Forced Air,Natural Gas,Natural Gas,None,6,3,6,,,,1144 SqFt,1979,1F 1H,Average
4775785,1841 Fisk Rd Odessa ON K0H2H0,Odessa ON K0H2H0,Apr/30/2025,"Loyalist Township, County of Lennox and Addington",830' x Irregular,10 Acres,Acres,1900,Detached,Metal,20,2 Storey,Wood Frame,50,Vinyl,Cellar,Vinyl Siding,800,Stone/Concrete Block,"Hardwood, vinyl, ceramic, laminate","Copper, PEX, ABS",Forced Air,Oil,Electric,Central Air,10,5,10,1517,621,,"2,138 SqFt",125,2:0,Average
4775292,64232 COUNTY RD 3 East Garafraxa ON L9W7J4,East Garafraxa ON L9W7J4,May/02/2025,"Township of East Garafraxa, County of Dufferin",223.32' x 1966.85',10 Acres,Acres,1977,Detached,Asphalt Shingle,15,Bungalow,Wood,65,Vinyl,Full/Unfinished,Brick,1850,Concrete,"hardwood, ceramic, vinyl,","Copper, PEX, ABS","heat pump, electric, baseboard",Electric,Propane,Heat Pump,10,5,10,2250,,,2250 SqFt,48,3:0,Average
4723364,1050 John F. Scott Rd Kingston ON K7L4V3,Kingston ON K7L4V3,Feb/13/2025,Kingston,1531.45' x Irregular,14 Acres,Acres,1920,Detached,Metal,40,2 Storey,Wood Frame,40,Vinyl,Cellar,Stucco,627,Stone,"Hardwood, laminate","Copper, PEX, ABS",Forced Air,Propane,Electric,Central Air,7,3,7,627,627,,1254 SqFt,105,1:1,Average
